travel_time,id,kind,action,origin,destination,start_time,reward,cost_table
4.766666666666667,41,AV,2,37,29,396,-3.182441045251753,"0,0,0,0"
2.933333333333333,31,AV,2,27,6,452,-3.1824410452517524,"0,0,0,0"
2.95,255,AV,3,93,57,1673,-3.1824410452517524,"0,0,0,0"
1.9166666666666667,206,AV,3,145,95,367,-3.1824410452517524,"0,0,0,0"
7.966666666666667,20,AV,1,15,15,614,-3.1824410452517524,"0,0,0,0"
2.0166666666666666,159,AV,3,115,57,456,-3.1824410452517524,"0,0,0,0"
2.25,249,AV,3,170,137,1797,-3.1824410452517524,"0,0,0,0"
1.75,132,AV,3,3,78,974,-3.1824410452517524,"0,0,0,0"
1.8333333333333333,492,AV,1,193,2,1226,-3.1824410452517524,"0,0,0,0"
5.166666666666667,120,AV,2,92,79,1081,-3.182441045251753,"0,0,0,0"
2.7333333333333334,230,AV,0,158,129,518,-3.1824410452517524,"0,0,0,0"
8.033333333333333,486,AV,1,28,147,34,-3.182441045251753,"0,0,0,0"
2.0833333333333335,368,AV,3,58,181,118,-3.182441045251753,"0,0,0,0"
4.383333333333334,136,AV,2,102,57,371,-3.182441045251753,"0,0,0,0"
0.9833333333333333,404,AV,0,240,60,802,-3.1824410452517524,"0,0,0,0"
1.6666666666666667,195,AV,1,97,74,1084,-3.182441045251753,"0,0,0,0"
3.45,88,AV,2,72,64,545,-3.182441045251753,"0,0,0,0"
5.0,323,AV,1,85,165,688,-3.1824410452517524,"0,0,0,0"
4.416666666666667,324,AV,3,208,166,1323,-3.1824410452517524,"0,0,0,0"
2.1166666666666667,512,AV,2,282,152,1042,-3.1824410452517524,"0,0,0,0"
3.0833333333333335,398,AV,2,239,174,592,-3.182441045251753,"0,0,0,0"
1.85,383,AV,1,166,187,150,-3.182441045251753,"0,0,0,0"
3.183333333333333,61,AV,1,50,44,682,-3.182441045251753,"0,0,0,0"
1.35,418,AV,1,186,66,509,-3.1824410452517524,"0,0,0,0"
2.0166666666666666,440,AV,0,256,60,454,-3.1824410452517524,"0,0,0,0"
3.95,87,AV,3,71,48,551,-3.1824410452517524,"0,0,0,0"
3.9166666666666665,519,AV,3,225,172,196,-3.182441045251753,"0,0,0,0"
4.383333333333334,169,AV,1,58,2,101,-3.1824410452517524,"0,0,0,0"
1.85,58,AV,3,40,42,1336,-3.1824410452517524,"0,0,0,0"
5.033333333333333,313,AV,2,201,161,577,-3.1824410452517524,"0,0,0,0"
5.8,13,AV,1,13,10,1617,-3.182441045251753,"0,0,0,0"
3.033333333333333,504,AV,1,277,214,1001,-3.1824410452517533,"0,0,0,0"
1.8166666666666667,172,AV,3,126,49,1630,-3.182441045251753,"0,0,0,0"
7.433333333333334,314,AV,2,202,144,226,-3.182441045251753,"0,0,0,0"
4.783333333333333,370,AV,1,234,185,231,-3.182441045251753,"0,0,0,0"
4.633333333333334,496,AV,0,193,104,185,-3.1824410452517533,"0,0,0,0"
7.283333333333333,208,AV,3,146,118,1608,-3.182441045251753,"0,0,0,0"
2.5166666666666666,220,AV,0,153,77,904,-3.182441045251753,"0,0,0,0"
5.716666666666667,520,AV,1,249,105,672,-3.1824410452517524,"0,0,0,0"
1.2333333333333334,394,AV,3,184,161,373,-3.182441045251753,"0,0,0,0"
0.5,109,AV,2,84,63,450,-3.1824410452517524,"0,0,0,0"
3.033333333333333,42,AV,2,38,22,1729,-3.1824410452517524,"0,0,0,0"
1.6166666666666667,330,AV,0,22,161,1546,-3.1824410452517524,"0,0,0,0"
0.8166666666666667,384,AV,1,184,0,787,-3.1824410452517524,"0,0,0,0"
1.75,462,AV,2,184,130,37,-3.1824410452517533,"0,0,0,0"
1.75,349,AV,1,225,177,1028,-3.1824410452517524,"0,0,0,0"
2.316666666666667,137,AV,1,103,69,1800,-3.1824410452517524,"0,0,0,0"
2.6,57,AV,3,43,41,736,-3.1824410452517524,"0,0,0,0"
1.6833333333333333,391,AV,1,219,46,1052,-3.1824410452517524,"0,0,0,0"
2.966666666666667,435,AV,3,254,95,1289,-3.182441045251753,"0,0,0,0"
1.9666666666666666,171,AV,0,125,105,904,-3.182441045251753,"0,0,0,0"
5.3,479,AV,1,263,139,17,-3.1824410452517524,"0,0,0,0"
4.35,386,AV,3,240,71,1248,-3.1824410452517524,"0,0,0,0"
1.8166666666666667,338,AV,2,217,173,740,-3.182441045251753,"0,0,0,0"
3.0833333333333335,457,AV,0,260,172,370,-3.1824410452517524,"0,0,0,0"
5.0,69,AV,1,58,50,133,-3.1824410452517524,"0,0,0,0"
2.3333333333333335,453,AV,2,258,125,681,-3.182441045251753,"0,0,0,0"
3.5,318,AV,2,204,135,1687,-3.1824410452517524,"0,0,0,0"
2.1666666666666665,447,AV,2,206,36,1116,-3.182441045251753,"0,0,0,0"
1.2333333333333334,23,AV,3,21,18,492,-3.182441045251753,"0,0,0,0"
2.85,199,AV,1,141,47,1603,-3.1824410452517524,"0,0,0,0"
2.033333333333333,301,AV,3,193,83,1250,-3.1824410452517524,"0,0,0,0"
0.5166666666666667,246,AV,0,167,12,1351,-3.1824410452517524,"0,0,0,0"
1.7833333333333334,379,AV,3,217,188,1434,-3.1824410452517524,"0,0,0,0"
4.3,214,AV,0,151,48,1453,-3.1824410452517524,"0,0,0,0"
0.9666666666666667,39,AV,1,35,2,188,-3.1824410452517524,"0,0,0,0"
5.4,291,AV,0,58,155,832,-3.182441045251753,"0,0,0,0"
1.0833333333333333,375,AV,2,47,181,1136,-3.182441045251753,"0,0,0,0"
0.8666666666666667,197,AV,1,140,95,76,-3.182441045251753,"0,0,0,0"
0.9666666666666667,6,AV,2,6,5,43,-3.1824410452517524,"0,0,0,0"
5.25,500,AV,1,274,78,515,-3.1824410452517524,"0,0,0,0"
2.05,247,AV,3,168,57,1517,-3.182441045251753,"0,0,0,0"
4.416666666666667,485,AV,2,268,78,489,-3.182441045251753,"0,0,0,0"
6.433333333333334,285,AV,3,185,152,289,-3.1824410452517524,"0,0,0,0"
2.6,65,AV,2,54,3,786,-3.1824410452517524,"0,0,0,0"
2.0,257,AV,3,173,140,385,-3.1824410452517524,"0,0,0,0"
2.15,215,AV,0,98,45,424,-3.1824410452517524,"0,0,0,0"
1.7666666666666666,377,AV,2,186,132,818,-3.182441045251753,"0,0,0,0"
2.05,497,AV,1,272,71,563,-3.182441045251753,"0,0,0,0"
2.433333333333333,273,AV,0,134,147,1074,-3.182441045251753,"0,0,0,0"
3.066666666666667,425,AV,3,184,126,1771,-3.182441045251753,"0,0,0,0"
4.133333333333334,93,AV,3,70,66,1298,-3.182441045251753,"0,0,0,0"
4.583333333333333,261,AV,3,8,143,101,-3.182441045251753,"0,0,0,0"
3.9166666666666665,106,AV,0,82,58,1454,-3.1824410452517524,"0,0,0,0"
2.4833333333333334,444,AV,2,79,202,246,-3.1824410452517524,"0,0,0,0"
3.7666666666666666,312,AV,1,200,40,1079,-3.1824410452517524,"0,0,0,0"
1.5,397,AV,2,105,60,1252,-3.182441045251753,"0,0,0,0"
0.7833333333333333,161,AV,0,117,2,1152,-3.182441045251753,"0,0,0,0"
4.316666666666666,372,AV,2,34,14,50,-3.182441045251753,"0,0,0,0"
1.9166666666666667,495,AV,3,271,2,912,-3.182441045251753,"0,0,0,0"
6.916666666666667,327,AV,0,210,148,1347,-3.1824410452517524,"0,0,0,0"
2.3,475,AV,0,12,16,1006,-3.1824410452517524,"0,0,0,0"
3.3666666666666667,292,AV,2,190,31,106,-3.182441045251753,"0,0,0,0"
5.166666666666667,281,AV,1,182,31,293,-3.182441045251753,"0,0,0,0"
1.5166666666666666,265,AV,2,134,57,1143,-3.182441045251753,"0,0,0,0"
6.45,515,AV,0,186,177,503,-3.182441045251753,"0,0,0,0"
1.2333333333333334,454,AV,1,227,108,646,-3.182441045251753,"0,0,0,0"
2.5,362,AV,3,233,31,417,-3.182441045251753,"0,0,0,0"
2.0833333333333335,160,AV,1,116,99,79,-3.1824410452517524,"0,0,0,0"
4.883333333333334,193,AV,0,6,0,1652,-3.1824410452517524,"0,0,0,0"
4.45,147,AV,1,94,93,1443,-3.1824410452517524,"0,0,0,0"
3.3333333333333335,52,AV,3,46,36,846,-3.182441045251753,"0,0,0,0"
4.683333333333334,170,AV,3,124,47,1775,-3.182441045251753,"0,0,0,0"
8.3,279,AV,3,82,143,126,-3.182441045251753,"0,0,0,0"
1.5666666666666667,148,AV,2,49,83,1629,-3.182441045251753,"0,0,0,0"
1.7,476,AV,1,262,208,1485,-3.182441045251753,"0,0,0,0"
3.716666666666667,290,AV,0,189,2,1792,-3.182441045251753,"0,0,0,0"
1.1333333333333333,358,AV,0,104,182,677,-3.1824410452517524,"0,0,0,0"
3.8,390,AV,3,184,155,1311,-3.1824410452517533,"0,0,0,0"
4.566666666666666,428,AV,2,251,172,490,-3.182441045251753,"0,0,0,0"
6.15,236,AV,0,162,31,319,-3.1824410452517533,"0,0,0,0"
3.0166666666666666,210,AV,3,148,120,184,-3.1824410452517533,"0,0,0,0"
1.6666666666666667,16,AV,3,6,12,399,-3.1824410452517533,"0,0,0,0"
2.6333333333333333,316,AV,3,203,57,1652,-3.1824410452517524,"0,0,0,0"
1.9833333333333334,203,AV,1,143,116,1578,-3.182441045251753,"0,0,0,0"
3.7666666666666666,113,AV,2,85,74,1398,-3.1824410452517524,"0,0,0,0"
6.083333333333333,311,AV,3,188,58,922,-3.182441045251753,"0,0,0,0"
3.7666666666666666,130,AV,0,100,4,909,-3.1824410452517524,"0,0,0,0"
3.5166666666666666,227,AV,3,156,127,262,-3.182441045251753,"0,0,0,0"
3.35,163,AV,0,118,101,677,-3.182441045251753,"0,0,0,0"
6.966666666666667,221,AV,3,64,123,214,-3.182441045251753,"0,0,0,0"
2.6333333333333333,179,AV,3,130,110,34,-3.1824410452517524,"0,0,0,0"
2.933333333333333,400,AV,2,227,138,1438,-3.1824410452517524,"0,0,0,0"
2.1166666666666667,467,AV,1,241,207,671,-3.1824410452517524,"0,0,0,0"
4.766666666666667,177,AV,2,12,108,544,-3.1824410452517524,"0,0,0,0"
1.9333333333333333,366,AV,1,143,47,35,-3.1824410452517524,"0,0,0,0"
3.0,5,AV,2,5,4,1037,-3.182441045251753,"0,0,0,0"
3.4166666666666665,344,AV,1,222,132,522,-3.1824410452517524,"0,0,0,0"
1.5833333333333333,119,AV,0,91,78,240,-3.182441045251753,"0,0,0,0"
6.616666666666666,54,AV,1,24,38,131,-3.1824410452517524,"0,0,0,0"
2.066666666666667,154,AV,1,113,2,272,-3.182441045251753,"0,0,0,0"
3.816666666666667,489,AV,1,193,71,508,-3.1824410452517533,"0,0,0,0"
1.2,272,AV,3,178,57,1761,-3.182441045251753,"0,0,0,0"
2.9166666666666665,333,AV,2,214,29,646,-3.182441045251753,"0,0,0,0"
3.216666666666667,380,AV,2,238,14,690,-3.182441045251753,"0,0,0,0"
2.183333333333333,155,AV,1,78,95,955,-3.182441045251753,"0,0,0,0"
0.5666666666666667,473,AV,3,254,132,1089,-3.182441045251753,"0,0,0,0"
2.0166666666666666,325,AV,2,209,29,167,-3.182441045251753,"0,0,0,0"
5.95,445,AV,1,257,172,350,-3.1824410452517524,"0,0,0,0"
2.1166666666666667,494,AV,3,271,2,1614,-3.1824410452517524,"0,0,0,0"
6.316666666666666,337,AV,3,121,172,1382,-3.1824410452517524,"0,0,0,0"
2.3333333333333335,303,AV,3,195,158,1593,-3.1824410452517524,"0,0,0,0"
3.9833333333333334,10,AV,0,10,2,142,-3.182441045251753,"0,0,0,0"
3.5,63,AV,1,52,46,640,-3.1824410452517524,"0,0,0,0"
1.3666666666666667,198,AV,2,47,115,1638,-3.182441045251753,"0,0,0,0"
4.2,144,AV,2,107,92,1526,-3.182441045251753,"0,0,0,0"
3.95,278,AV,0,169,149,72,-3.182441045251753,"0,0,0,0"
4.566666666666666,490,AV,3,262,71,1301,-3.182441045251753,"0,0,0,0"
2.1166666666666667,164,AV,3,119,102,1749,-3.182441045251753,"0,0,0,0"
7.85,212,AV,2,94,31,100,-3.182441045251753,"0,0,0,0"
1.3,470,AV,1,245,161,1427,-3.182441045251753,"0,0,0,0"
1.6833333333333333,415,AV,2,186,178,1261,-3.182441045251753,"0,0,0,0"
5.45,256,AV,1,42,122,159,-3.182441045251753,"0,0,0,0"
2.566666666666667,339,AV,1,218,30,1340,-3.1824410452517524,"0,0,0,0"
1.55,402,AV,2,202,0,983,-3.1824410452517524,"0,0,0,0"
1.8166666666666667,381,AV,3,150,189,1347,-3.182441045251753,"0,0,0,0"
4.516666666666667,240,AV,2,39,47,387,-3.182441045251753,"0,0,0,0"
3.8333333333333335,299,AV,2,192,134,1345,-3.182441045251753,"0,0,0,0"
1.15,405,AV,1,1,161,1024,-3.182441045251753,"0,0,0,0"
2.7666666666666666,232,AV,2,84,126,473,-3.182441045251753,"0,0,0,0"
2.05,248,AV,1,169,136,1137,-3.1824410452517524,"0,0,0,0"
1.7166666666666666,518,AV,2,223,71,379,-3.182441045251753,"0,0,0,0"
4.65,329,AV,1,212,52,248,-3.182441045251753,"0,0,0,0"
2.316666666666667,185,AV,3,133,65,551,-3.1824410452517524,"0,0,0,0"
3.3666666666666667,216,AV,1,98,4,789,-3.1824410452517524,"0,0,0,0"
4.816666666666666,173,AV,3,127,106,1015,-3.182441045251753,"0,0,0,0"
1.2,152,AV,0,111,27,1399,-3.182441045251753,"0,0,0,0"
5.483333333333333,80,AV,2,65,59,1538,-3.1824410452517524,"0,0,0,0"
3.4,126,AV,1,43,85,78,-3.1824410452517524,"0,0,0,0"
1.6666666666666667,229,AV,2,143,63,1435,-3.182441045251753,"0,0,0,0"
1.6166666666666667,81,AV,0,66,60,278,-3.182441045251753,"0,0,0,0"
2.4,410,AV,1,9,8,1151,-3.182441045251753,"0,0,0,0"
2.1,123,AV,0,95,82,176,-3.182441045251753,"0,0,0,0"
4.933333333333334,129,AV,0,99,87,354,-3.182441045251753,"0,0,0,0"
2.283333333333333,149,AV,2,8,37,694,-3.182441045251753,"0,0,0,0"
1.6666666666666667,365,AV,3,185,47,1358,-3.1824410452517524,"0,0,0,0"
2.1,202,AV,0,7,30,378,-3.1824410452517524,"0,0,0,0"
2.4166666666666665,452,AV,1,32,108,1602,-3.1824410452517524,"0,0,0,0"
1.5833333333333333,409,AV,2,65,30,374,-3.182441045251753,"0,0,0,0"
2.35,461,AV,2,105,148,89,-3.1824410452517524,"0,0,0,0"
3.4166666666666665,209,AV,0,147,119,1473,-3.182441045251753,"0,0,0,0"
3.8833333333333333,70,AV,0,59,51,895,-3.182441045251753,"0,0,0,0"
4.916666666666667,134,AV,3,94,89,268,-3.1824410452517524,"0,0,0,0"
2.5166666666666666,226,AV,0,55,126,489,-3.182441045251753,"0,0,0,0"
3.033333333333333,166,AV,1,121,104,98,-3.182441045251753,"0,0,0,0"
2.7,280,AV,2,181,150,469,-3.1824410452517524,"0,0,0,0"
3.3833333333333333,121,AV,3,93,80,721,-3.182441045251753,"0,0,0,0"
2.5,237,AV,1,26,125,1789,-3.182441045251753,"0,0,0,0"
4.3,9,AV,2,9,8,1688,-3.182441045251753,"0,0,0,0"
2.966666666666667,429,AV,1,242,197,1059,-3.182441045251753,"0,0,0,0"
5.25,89,AV,0,73,2,1520,-3.182441045251753,"0,0,0,0"
1.6666666666666667,217,AV,3,125,121,914,-3.182441045251753,"0,0,0,0"
3.3833333333333333,32,AV,3,28,23,220,-3.1824410452517524,"0,0,0,0"
3.4833333333333334,37,AV,1,33,27,1161,-3.1824410452517524,"0,0,0,0"
2.75,449,AV,3,74,200,821,-3.1824410452517524,"0,0,0,0"
3.4166666666666665,238,AV,1,26,132,491,-3.1824410452517524,"0,0,0,0"
0.85,92,AV,0,76,12,1624,-3.1824410452517524,"0,0,0,0"
1.15,407,AV,0,243,0,1389,-3.1824410452517524,"0,0,0,0"
2.4,75,AV,0,63,52,1410,-3.1824410452517533,"0,0,0,0"
1.0833333333333333,8,AV,3,8,7,1630,-3.182441045251753,"0,0,0,0"
3.4166666666666665,474,AV,2,117,141,397,-3.182441045251753,"0,0,0,0"
4.45,235,AV,2,161,131,810,-3.182441045251753,"0,0,0,0"
1.5,392,AV,2,188,132,1268,-3.182441045251753,"0,0,0,0"
1.95,403,AV,1,243,60,323,-3.1824410452517524,"0,0,0,0"
1.6166666666666667,361,AV,1,232,183,1523,-3.1824410452517524,"0,0,0,0"
5.25,284,AV,2,184,151,732,-3.1824410452517524,"0,0,0,0"
2.933333333333333,140,AV,3,105,90,871,-3.182441045251753,"0,0,0,0"
5.416666666666667,38,AV,2,34,28,1238,-3.1824410452517524,"0,0,0,0"
1.9666666666666666,205,AV,2,23,63,697,-3.182441045251753,"0,0,0,0"
1.4833333333333334,413,AV,3,246,66,387,-3.182441045251753,"0,0,0,0"
3.95,86,AV,1,70,3,1278,-3.1824410452517524,"0,0,0,0"
2.1166666666666667,49,AV,1,38,33,239,-3.1824410452517524,"0,0,0,0"
4.716666666666667,345,AV,2,184,175,1782,-3.182441045251753,"0,0,0,0"
1.55,427,AV,3,47,64,1399,-3.182441045251753,"0,0,0,0"
7.266666666666667,56,AV,0,9,40,518,-3.1824410452517533,"0,0,0,0"
6.133333333333334,505,AV,1,263,215,112,-3.1824410452517533,"0,0,0,0"
1.8166666666666667,43,AV,2,38,14,701,-3.182441045251753,"0,0,0,0"
5.9,117,AV,2,89,76,353,-3.182441045251753,"0,0,0,0"
2.0,116,AV,0,88,74,1177,-3.182441045251753,"0,0,0,0"
2.0166666666666666,499,AV,3,273,213,56,-3.182441045251753,"0,0,0,0"
3.3666666666666667,268,AV,1,3,145,1417,-3.1824410452517533,"0,0,0,0"
1.75,71,AV,0,60,52,1150,-3.182441045251753,"0,0,0,0"
3.816666666666667,222,AV,1,46,119,307,-3.1824410452517533,"0,0,0,0"
1.1333333333333333,98,AV,1,79,3,1797,-3.182441045251753,"0,0,0,0"
3.183333333333333,502,AV,0,197,175,1178,-3.182441045251753,"0,0,0,0"
2.683333333333333,369,AV,1,216,47,374,-3.1824410452517524,"0,0,0,0"
3.0,192,AV,1,93,28,1593,-3.182441045251753,"0,0,0,0"
0.9166666666666666,469,AV,1,105,132,1292,-3.182441045251753,"0,0,0,0"
4.483333333333333,342,AV,1,220,174,846,-3.1824410452517524,"0,0,0,0"
5.966666666666667,414,AV,0,247,192,827,-3.182441045251753,"0,0,0,0"
5.116666666666666,406,AV,2,244,191,401,-3.1824410452517524,"0,0,0,0"
4.316666666666666,270,AV,1,6,10,864,-3.182441045251753,"0,0,0,0"
2.1333333333333333,389,AV,0,241,190,1171,-3.182441045251753,"0,0,0,0"
6.95,277,AV,3,180,14,112,-3.1824410452517524,"0,0,0,0"
5.433333333333334,47,AV,1,42,31,1066,-3.182441045251753,"0,0,0,0"
1.1166666666666667,83,AV,1,68,62,1301,-3.182441045251753,"0,0,0,0"
1.9333333333333333,184,AV,1,135,52,193,-3.182441045251753,"0,0,0,0"
4.466666666666667,188,AV,2,137,48,502,-3.1824410452517524,"0,0,0,0"
5.033333333333333,251,AV,0,171,138,503,-3.1824410452517524,"0,0,0,0"
3.0,68,AV,2,57,13,1625,-3.182441045251753,"0,0,0,0"
1.25,138,AV,0,104,3,1151,-3.182441045251753,"0,0,0,0"
2.9833333333333334,228,AV,2,157,128,789,-3.182441045251753,"0,0,0,0"
3.466666666666667,153,AV,2,112,94,259,-3.182441045251753,"0,0,0,0"
1.6166666666666667,64,AV,2,53,47,1107,-3.182441045251753,"0,0,0,0"
1.6,141,AV,1,86,33,391,-3.182441045251753,"0,0,0,0"
6.983333333333333,1,AV,2,1,1,566,-3.182441045251753,"0,0,0,0"
1.7,399,AV,3,234,132,1492,-3.182441045251753,"0,0,0,0"
5.1,439,AV,2,26,198,1644,-3.182441045251753,"0,0,0,0"
1.5666666666666667,459,AV,2,261,110,659,-3.182441045251753,"0,0,0,0"
2.716666666666667,289,AV,2,188,154,225,-3.1824410452517524,"0,0,0,0"
5.7,26,AV,0,24,2,1667,-3.1824410452517524,"0,0,0,0"
2.466666666666667,233,AV,0,159,126,1477,-3.182441045251753,"0,0,0,0"
2.4,293,AV,0,169,83,710,-3.1824410452517524,"0,0,0,0"
5.883333333333334,286,AV,3,54,153,571,-3.1824410452517524,"0,0,0,0"
1.05,455,AV,2,259,132,794,-3.182441045251753,"0,0,0,0"
1.85,66,AV,1,55,48,642,-3.1824410452517524,"0,0,0,0"
3.6,241,AV,3,65,41,1057,-3.182441045251753,"0,0,0,0"
3.7666666666666666,269,AV,0,46,10,1646,-3.182441045251753,"0,0,0,0"
3.05,190,AV,3,30,60,575,-3.1824410452517524,"0,0,0,0"
3.6333333333333333,434,AV,2,237,0,358,-3.182441045251753,"0,0,0,0"
2.1,104,AV,3,81,71,1489,-3.1824410452517524,"0,0,0,0"
6.0,234,AV,0,160,130,104,-3.1824410452517524,"0,0,0,0"
1.15,142,AV,0,8,91,1291,-3.182441045251753,"0,0,0,0"
5.05,283,AV,2,183,83,340,-3.182441045251753,"0,0,0,0"
4.45,131,AV,2,101,3,305,-3.182441045251753,"0,0,0,0"
4.116666666666666,67,AV,3,56,49,757,-3.182441045251753,"0,0,0,0"
4.983333333333333,51,AV,2,45,35,1117,-3.182441045251753,"0,0,0,0"
1.35,168,AV,0,123,83,1602,-3.182441045251753,"0,0,0,0"
5.0,423,AV,3,186,97,115,-3.1824410452517524,"0,0,0,0"
2.566666666666667,156,AV,0,114,96,1060,-3.182441045251753,"0,0,0,0"
2.433333333333333,322,AV,3,207,164,21,-3.182441045251753,"0,0,0,0"
5.95,408,AV,3,245,54,273,-3.1824410452517524,"0,0,0,0"
3.566666666666667,446,AV,1,52,203,1764,-3.182441045251753,"0,0,0,0"
3.4166666666666665,309,AV,1,199,71,1282,-3.182441045251753,"0,0,0,0"
2.6333333333333333,501,AV,0,275,1,1146,-3.182441045251753,"0,0,0,0"
1.9166666666666667,143,AV,3,106,2,1117,-3.1824410452517524,"0,0,0,0"
4.1,245,AV,3,166,135,110,-3.182441045251753,"0,0,0,0"
6.05,55,AV,0,48,39,1762,-3.182441045251753,"0,0,0,0"
2.966666666666667,263,AV,0,22,138,1308,-3.182441045251753,"0,0,0,0"
1.5166666666666666,376,AV,3,143,187,1567,-3.1824410452517524,"0,0,0,0"
2.8833333333333333,158,AV,0,42,98,1528,-3.1824410452517524,"0,0,0,0"
0.95,388,AV,0,227,0,810,-3.1824410452517524,"0,0,0,0"
3.25,224,AV,2,155,125,1537,-3.1824410452517524,"0,0,0,0"
1.7166666666666666,133,AV,1,46,88,29,-3.1824410452517524,"0,0,0,0"
1.9833333333333334,296,AV,1,164,96,1311,-3.182441045251753,"0,0,0,0"
4.916666666666667,315,AV,1,26,54,428,-3.1824410452517524,"0,0,0,0"
2.7333333333333334,294,AV,0,23,82,819,-3.1824410452517524,"0,0,0,0"
4.416666666666667,258,AV,2,123,141,269,-3.182441045251753,"0,0,0,0"
3.55,33,AV,2,29,24,175,-3.1824410452517524,"0,0,0,0"
6.1,351,AV,2,227,179,883,-3.1824410452517524,"0,0,0,0"
2.05,18,AV,0,17,3,950,-3.182441045251753,"0,0,0,0"
3.0,514,AV,3,39,40,1686,-3.182441045251753,"0,0,0,0"
0.43333333333333335,259,AV,0,114,142,1009,-3.1824410452517524,"0,0,0,0"
3.033333333333333,437,AV,1,214,110,94,-3.1824410452517524,"0,0,0,0"
0.7166666666666667,181,AV,2,132,112,1756,-3.182441045251753,"0,0,0,0"
1.0666666666666667,356,AV,3,148,125,1758,-3.182441045251753,"0,0,0,0"
0.8166666666666667,125,AV,0,97,84,908,-3.1824410452517524,"0,0,0,0"
2.5,12,AV,3,12,2,1545,-3.1824410452517524,"0,0,0,0"
3.033333333333333,45,AV,2,40,3,122,-3.1824410452517524,"0,0,0,0"
2.7333333333333334,115,AV,2,87,75,817,-3.182441045251753,"0,0,0,0"
1.0666666666666667,420,AV,3,186,66,664,-3.1824410452517524,"0,0,0,0"
7.15,509,AV,0,280,172,132,-3.1824410452517524,"0,0,0,0"
2.9166666666666665,522,AV,3,284,125,238,-3.182441045251753,"0,0,0,0"
2.2666666666666666,353,AV,1,156,125,1090,-3.182441045251753,"0,0,0,0"
3.0833333333333335,359,AV,0,24,132,767,-3.182441045251753,"0,0,0,0"
3.933333333333333,11,AV,1,11,9,1149,-3.1824410452517524,"0,0,0,0"
4.35,477,AV,3,117,71,1152,-3.182441045251753,"0,0,0,0"
2.6,426,AV,3,132,31,719,-3.182441045251753,"0,0,0,0"
2.6333333333333333,511,AV,3,80,152,284,-3.182441045251753,"0,0,0,0"
1.9666666666666666,157,AV,0,103,97,460,-3.1824410452517524,"0,0,0,0"
1.1833333333333333,357,AV,2,24,181,297,-3.1824410452517524,"0,0,0,0"
4.316666666666666,22,AV,3,20,17,112,-3.182441045251753,"0,0,0,0"
2.7666666666666666,483,AV,3,266,10,1425,-3.1824410452517524,"0,0,0,0"
1.1666666666666667,481,AV,2,204,210,1249,-3.1824410452517524,"0,0,0,0"
1.6,99,AV,2,59,42,1702,-3.1824410452517524,"0,0,0,0"
0.6833333333333333,306,AV,0,198,1,816,-3.1824410452517524,"0,0,0,0"
8.116666666666667,335,AV,3,215,170,242,-3.182441045251753,"0,0,0,0"
3.6333333333333333,430,AV,2,98,4,940,-3.1824410452517524,"0,0,0,0"
2.216666666666667,295,AV,2,191,126,1430,-3.182441045251753,"0,0,0,0"
3.716666666666667,176,AV,1,23,83,1612,-3.1824410452517524,"0,0,0,0"
2.3666666666666667,102,AV,1,38,52,492,-3.1824410452517524,"0,0,0,0"
1.8666666666666667,385,AV,1,239,132,1687,-3.182441045251753,"0,0,0,0"
2.533333333333333,297,AV,3,138,147,39,-3.1824410452517524,"0,0,0,0"
3.6166666666666667,432,AV,1,253,198,67,-3.1824410452517524,"0,0,0,0"
3.3,331,AV,0,213,169,1034,-3.182441045251753,"0,0,0,0"
2.5166666666666666,50,AV,3,44,34,1055,-3.1824410452517524,"0,0,0,0"
5.6,320,AV,0,206,144,1521,-3.182441045251753,"0,0,0,0"
2.316666666666667,231,AV,0,23,95,333,-3.182441045251753,"0,0,0,0"
6.433333333333334,275,AV,2,124,31,244,-3.182441045251753,"0,0,0,0"
1.3833333333333333,218,AV,2,152,57,1792,-3.1824410452517524,"0,0,0,0"
1.7,207,AV,0,29,96,1204,-3.182441045251753,"0,0,0,0"
0.65,468,AV,1,234,6,928,-3.1824410452517524,"0,0,0,0"
5.816666666666666,62,AV,0,51,45,520,-3.182441045251753,"0,0,0,0"
3.05,97,AV,3,78,47,1551,-3.182441045251753,"0,0,0,0"
3.5833333333333335,225,AV,2,6,36,1026,-3.182441045251753,"0,0,0,0"
3.5833333333333335,302,AV,0,194,157,700,-3.182441045251753,"0,0,0,0"
7.733333333333333,498,AV,3,245,212,613,-3.182441045251753,"0,0,0,0"
3.816666666666667,354,AV,2,229,108,409,-3.182441045251753,"0,0,0,0"
1.1666666666666667,189,AV,2,138,113,808,-3.1824410452517524,"0,0,0,0"
3.7333333333333334,482,AV,1,265,152,795,-3.1824410452517524,"0,0,0,0"
3.0,298,AV,2,52,156,893,-3.1824410452517524,"0,0,0,0"
2.066666666666667,412,AV,1,219,85,381,-3.1824410452517524,"0,0,0,0"
3.033333333333333,21,AV,3,19,16,339,-3.182441045251753,"0,0,0,0"
5.516666666666667,341,AV,1,210,110,1753,-3.182441045251753,"0,0,0,0"
3.2666666666666666,53,AV,0,47,37,1746,-3.1824410452517524,"0,0,0,0"
5.166666666666667,223,AV,2,154,124,766,-3.182441045251753,"0,0,0,0"
1.8333333333333333,175,AV,2,77,107,1539,-3.1824410452517524,"0,0,0,0"
3.2333333333333334,244,AV,0,165,134,21,-3.182441045251753,"0,0,0,0"
3.566666666666667,78,AV,3,46,57,1152,-3.1824410452517524,"0,0,0,0"
2.3333333333333335,319,AV,0,205,162,1755,-3.182441045251753,"0,0,0,0"
3.15,411,AV,3,1,3,1504,-3.182441045251753,"0,0,0,0"
5.916666666666667,0,AV,2,0,0,590,-3.182441045251753,"0,0,0,0"
1.1,516,AV,3,151,139,624,-3.182441045251753,"0,0,0,0"
2.6166666666666667,436,AV,1,255,199,1382,-3.1824410452517524,"0,0,0,0"
2.5166666666666666,364,AV,1,79,31,1733,-3.1824410452517524,"0,0,0,0"
2.15,332,AV,0,158,126,278,-3.1824410452517533,"0,0,0,0"
1.9833333333333334,30,AV,3,26,22,1252,-3.182441045251753,"0,0,0,0"
1.4166666666666667,124,AV,3,96,83,8,-3.1824410452517524,"0,0,0,0"
4.483333333333333,431,AV,1,252,172,211,-3.1824410452517524,"0,0,0,0"
2.45,288,AV,2,187,147,1241,-3.182441045251753,"0,0,0,0"
4.85,510,AV,3,281,66,263,-3.182441045251753,"0,0,0,0"
1.0166666666666666,419,AV,0,188,194,764,-3.1824410452517524,"0,0,0,0"
5.566666666666666,521,AV,3,184,135,241,-3.182441045251753,"0,0,0,0"
4.166666666666667,363,AV,1,58,49,356,-3.1824410452517524,"0,0,0,0"
3.0166666666666666,34,AV,2,30,25,1140,-3.1824410452517524,"0,0,0,0"
1.0166666666666666,146,AV,0,108,27,1575,-3.182441045251753,"0,0,0,0"
1.0166666666666666,201,AV,0,115,33,350,-3.1824410452517524,"0,0,0,0"
1.25,466,AV,1,54,66,87,-3.1824410452517524,"0,0,0,0"
1.45,95,AV,3,72,68,1220,-3.1824410452517524,"0,0,0,0"
3.7,243,AV,1,164,127,1242,-3.182441045251753,"0,0,0,0"
3.783333333333333,378,AV,0,91,10,1232,-3.1824410452517524,"0,0,0,0"
1.7166666666666666,438,AV,0,211,108,1032,-3.182441045251753,"0,0,0,0"
1.5666666666666667,91,AV,1,75,65,325,-3.1824410452517524,"0,0,0,0"
2.933333333333333,19,AV,2,18,14,1199,-3.182441045251753,"0,0,0,0"
1.6833333333333333,191,AV,1,139,33,1105,-3.182441045251753,"0,0,0,0"
2.1666666666666665,112,AV,3,23,14,431,-3.182441045251753,"0,0,0,0"
5.866666666666666,274,AV,0,174,148,1396,-3.1824410452517524,"0,0,0,0"
3.7,506,AV,0,278,216,370,-3.182441045251753,"0,0,0,0"
2.6,7,AV,2,7,6,1700,-3.1824410452517524,"0,0,0,0"
3.0,508,AV,0,23,4,1455,-3.1824410452517524,"0,0,0,0"
4.716666666666667,373,AV,0,236,31,1360,-3.1824410452517524,"0,0,0,0"
2.933333333333333,77,AV,1,61,56,1281,-3.1824410452517524,"0,0,0,0"
0.9333333333333333,187,AV,1,136,100,49,-3.182441045251753,"0,0,0,0"
2.7333333333333334,96,AV,3,38,69,804,-3.1824410452517524,"0,0,0,0"
2.466666666666667,450,AV,3,33,60,186,-3.1824410452517524,"0,0,0,0"
3.2,101,AV,2,30,34,761,-3.1824410452517524,"0,0,0,0"
0.9833333333333333,127,AV,2,76,86,255,-3.1824410452517524,"0,0,0,0"
1.4,484,AV,3,267,2,1777,-3.1824410452517524,"0,0,0,0"
1.5166666666666666,282,AV,3,101,116,214,-3.1824410452517524,"0,0,0,0"
3.6333333333333333,503,AV,3,276,27,821,-3.1824410452517524,"0,0,0,0"
3.1166666666666667,264,AV,1,175,47,1316,-3.1824410452517524,"0,0,0,0"
3.0166666666666666,421,AV,3,248,193,1697,-3.182441045251753,"0,0,0,0"
3.1,480,AV,0,264,40,1021,-3.1824410452517533,"0,0,0,0"
3.3666666666666667,471,AV,3,217,125,139,-3.1824410452517524,"0,0,0,0"
5.283333333333333,242,AV,0,163,133,1379,-3.182441045251753,"0,0,0,0"
2.466666666666667,463,AV,1,54,57,77,-3.182441045251753,"0,0,0,0"
1.7666666666666666,271,AV,0,177,146,994,-3.1824410452517524,"0,0,0,0"
2.8,60,AV,3,49,34,562,-3.182441045251753,"0,0,0,0"
5.133333333333334,180,AV,1,131,111,1317,-3.1824410452517533,"0,0,0,0"
8.666666666666666,84,AV,1,69,63,588,-3.1824410452517524,"0,0,0,0"
4.233333333333333,488,AV,0,269,2,1729,-3.1824410452517524,"0,0,0,0"
2.683333333333333,321,AV,3,204,163,334,-3.182441045251753,"0,0,0,0"
4.45,266,AV,3,176,4,490,-3.182441045251753,"0,0,0,0"
1.6166666666666667,396,AV,0,234,178,1077,-3.182441045251753,"0,0,0,0"
4.3,478,AV,1,39,209,223,-3.182441045251753,"0,0,0,0"
6.2,59,AV,2,19,43,136,-3.182441045251753,"0,0,0,0"
4.666666666666667,472,AV,3,23,176,1788,-3.182441045251753,"0,0,0,0"
2.3833333333333333,27,AV,3,15,14,736,-3.182441045251753,"0,0,0,0"
1.2833333333333334,128,AV,0,98,3,855,-3.1824410452517524,"0,0,0,0"
3.2333333333333334,441,AV,3,89,200,1425,-3.182441045251753,"0,0,0,0"
1.8333333333333333,451,AV,0,240,18,1050,-3.182441045251753,"0,0,0,0"
1.8666666666666667,507,AV,1,279,71,1499,-3.1824410452517524,"0,0,0,0"
3.3666666666666667,213,AV,1,150,95,287,-3.182441045251753,"0,0,0,0"
4.3,174,AV,3,128,83,698,-3.182441045251753,"0,0,0,0"
2.533333333333333,458,AV,0,188,57,251,-3.1824410452517524,"0,0,0,0"
3.7333333333333334,304,AV,2,196,159,1312,-3.182441045251753,"0,0,0,0"
7.716666666666667,122,AV,1,94,81,402,-3.182441045251753,"0,0,0,0"
0.9666666666666667,517,AV,0,39,217,1224,-3.1824410452517524,"0,0,0,0"
4.866666666666666,2,AV,3,2,2,574,-3.182441045251753,"0,0,0,0"
3.466666666666667,150,AV,3,109,1,756,-3.182441045251753,"0,0,0,0"
7.816666666666666,442,AV,2,159,172,795,-3.182441045251753,"0,0,0,0"
2.95,165,AV,3,120,103,1778,-3.182441045251753,"0,0,0,0"
5.183333333333334,352,AV,1,228,180,1215,-3.182441045251753,"0,0,0,0"
6.416666666666667,350,AV,2,226,178,1742,-3.182441045251753,"0,0,0,0"
2.8666666666666667,416,AV,3,248,193,1545,-3.1824410452517524,"0,0,0,0"
1.2166666666666666,308,AV,0,109,27,529,-3.1824410452517524,"0,0,0,0"
1.4166666666666667,79,AV,0,64,58,969,-3.1824410452517524,"0,0,0,0"
5.883333333333334,287,AV,0,186,5,447,-3.182441045251753,"0,0,0,0"
3.3666666666666667,346,AV,3,223,57,144,-3.182441045251753,"0,0,0,0"
5.916666666666667,317,AV,3,117,132,1390,-3.1824410452517524,"0,0,0,0"
1.3666666666666667,200,AV,1,142,83,1784,-3.182441045251753,"0,0,0,0"
1.3833333333333333,194,AV,1,87,83,184,-3.182441045251753,"0,0,0,0"
2.2333333333333334,371,AV,3,235,186,1556,-3.1824410452517524,"0,0,0,0"
1.4,367,AV,2,22,184,876,-3.1824410452517524,"0,0,0,0"
4.6,252,AV,1,38,139,571,-3.182441045251753,"0,0,0,0"
3.0166666666666666,326,AV,3,165,167,1367,-3.1824410452517524,"0,0,0,0"
0.7833333333333333,186,AV,0,120,42,1451,-3.182441045251753,"0,0,0,0"
3.75,103,AV,3,80,70,1059,-3.182441045251753,"0,0,0,0"
4.116666666666666,118,AV,1,90,77,682,-3.182441045251753,"0,0,0,0"
6.3,433,AV,0,245,1,1706,-3.182441045251753,"0,0,0,0"
5.133333333333334,267,AV,1,134,144,1195,-3.182441045251753,"0,0,0,0"
1.25,114,AV,1,86,5,1751,-3.182441045251753,"0,0,0,0"
1.6166666666666667,310,AV,3,116,135,249,-3.182441045251753,"0,0,0,0"
1.4833333333333334,24,AV,0,22,19,1392,-3.182441045251753,"0,0,0,0"
4.883333333333334,219,AV,0,100,122,8,-3.1824410452517524,"0,0,0,0"
2.033333333333333,382,AV,0,235,161,109,-3.1824410452517524,"0,0,0,0"
3.6,305,AV,3,197,16,87,-3.1824410452517524,"0,0,0,0"
5.7,328,AV,2,211,168,706,-3.1824410452517524,"0,0,0,0"
2.716666666666667,85,AV,2,31,18,441,-3.182441045251753,"0,0,0,0"
4.5,424,AV,2,82,196,1296,-3.1824410452517524,"0,0,0,0"
2.4166666666666665,17,AV,2,16,13,350,-3.182441045251753,"0,0,0,0"
3.3,76,AV,3,30,55,972,-3.1824410452517524,"0,0,0,0"
1.55,460,AV,0,7,204,1559,-3.182441045251753,"0,0,0,0"
4.866666666666666,262,AV,0,89,54,960,-3.182441045251753,"0,0,0,0"
1.3,48,AV,1,43,32,490,-3.1824410452517524,"0,0,0,0"
1.2833333333333334,401,AV,2,1,60,521,-3.1824410452517524,"0,0,0,0"
2.0166666666666666,72,AV,2,61,53,2,-3.1824410452517524,"0,0,0,0"
6.45,448,AV,3,217,47,476,-3.1824410452517524,"0,0,0,0"
4.5,4,AV,3,4,3,1243,-3.1824410452517524,"0,0,0,0"
0.9666666666666667,107,AV,2,36,27,940,-3.1824410452517524,"0,0,0,0"
2.216666666666667,167,AV,1,122,33,1259,-3.182441045251753,"0,0,0,0"
1.7,456,AV,3,184,193,1694,-3.182441045251753,"0,0,0,0"
2.7333333333333334,336,AV,0,216,171,1290,-3.1824410452517524,"0,0,0,0"
4.333333333333333,44,AV,0,39,30,694,-3.182441045251753,"0,0,0,0"
2.816666666666667,28,AV,3,6,14,1792,-3.1824410452517524,"0,0,0,0"
2.1166666666666667,239,AV,1,23,57,1675,-3.182441045251753,"0,0,0,0"
5.783333333333333,443,AV,3,159,201,383,-3.1824410452517524,"0,0,0,0"
1.9833333333333334,108,AV,1,83,48,1153,-3.1824410452517524,"0,0,0,0"
2.816666666666667,151,AV,1,110,65,654,-3.1824410452517524,"0,0,0,0"
6.0,348,AV,1,224,176,272,-3.182441045251753,"0,0,0,0"
1.5166666666666666,395,AV,2,242,0,317,-3.182441045251753,"0,0,0,0"
3.5833333333333335,196,AV,1,1,114,1501,-3.1824410452517524,"0,0,0,0"
1.2666666666666666,387,AV,1,1,132,6,-3.182441045251753,"0,0,0,0"
2.0,35,AV,0,31,26,308,-3.182441045251753,"0,0,0,0"
2.3333333333333335,178,AV,0,129,109,965,-3.1824410452517524,"0,0,0,0"
0.9166666666666666,465,AV,0,184,206,748,-3.182441045251753,"0,0,0,0"
5.816666666666666,343,AV,0,221,30,577,-3.182441045251753,"0,0,0,0"
5.25,211,AV,2,149,31,1726,-3.1824410452517524,"0,0,0,0"
2.05,162,AV,1,97,100,1750,-3.1824410452517524,"0,0,0,0"
1.7333333333333334,487,AV,1,193,211,1341,-3.182441045251753,"0,0,0,0"
4.966666666666667,340,AV,0,219,5,116,-3.1824410452517524,"0,0,0,0"
3.05,374,AV,1,237,31,314,-3.182441045251753,"0,0,0,0"
3.45,15,AV,2,15,4,601,-3.1824410452517524,"0,0,0,0"
3.033333333333333,513,AV,3,283,10,755,-3.1824410452517524,"0,0,0,0"
1.8833333333333333,36,AV,2,32,3,1776,-3.1824410452517524,"0,0,0,0"
1.5833333333333333,135,AV,3,18,27,656,-3.1824410452517524,"0,0,0,0"
5.783333333333333,183,AV,2,134,78,172,-3.1824410452517524,"0,0,0,0"
1.35,111,AV,0,64,37,763,-3.1824410452517524,"0,0,0,0"
2.75,46,AV,1,41,27,1311,-3.182441045251753,"0,0,0,0"
0.9333333333333333,360,AV,1,231,3,1197,-3.1824410452517524,"0,0,0,0"
3.933333333333333,74,AV,0,62,54,211,-3.1824410452517524,"0,0,0,0"
2.8333333333333335,82,AV,3,67,61,101,-3.1824410452517524,"0,0,0,0"
3.9,204,AV,2,144,117,1242,-3.182441045251753,"0,0,0,0"
3.933333333333333,73,AV,2,29,22,51,-3.1824410452517524,"0,0,0,0"
8.3,355,AV,1,230,60,1570,-3.1824410452517524,"0,0,0,0"
1.1,110,AV,1,79,73,1350,-3.182441045251753,"0,0,0,0"
3.2,3,AV,3,3,3,653,-3.1824410452517524,"0,0,0,0"
4.15,25,AV,0,23,20,531,-3.1824410452517524,"0,0,0,0"
1.7666666666666666,250,AV,0,76,57,1255,-3.1824410452517524,"0,0,0,0"
4.066666666666666,29,AV,0,25,21,1325,-3.182441045251753,"0,0,0,0"
1.6333333333333333,253,AV,0,131,12,1788,-3.182441045251753,"0,0,0,0"
2.566666666666667,276,AV,3,179,88,1205,-3.1824410452517524,"0,0,0,0"
2.6166666666666667,300,AV,0,138,94,17,-3.182441045251753,"0,0,0,0"
6.7,347,AV,0,24,40,588,-3.182441045251753,"0,0,0,0"
1.2333333333333334,100,AV,1,77,48,1792,-3.1824410452517524,"0,0,0,0"
2.0166666666666666,182,AV,1,133,33,928,-3.1824410452517524,"0,0,0,0"
1.5166666666666666,493,AV,1,193,144,1625,-3.1824410452517524,"0,0,0,0"
2.9166666666666665,422,AV,0,250,195,736,-3.1824410452517524,"0,0,0,0"
4.35,307,AV,2,117,160,501,-3.182441045251753,"0,0,0,0"
2.65,393,AV,2,239,8,241,-3.1824410452517524,"0,0,0,0"
4.383333333333334,491,AV,2,270,71,1761,-3.1824410452517524,"0,0,0,0"
2.9,90,AV,3,74,48,1401,-3.1824410452517524,"0,0,0,0"
1.2666666666666666,94,AV,2,77,67,331,-3.1824410452517524,"0,0,0,0"
2.316666666666667,105,AV,2,40,72,265,-3.1824410452517524,"0,0,0,0"
2.35,40,AV,3,36,2,1336,-3.1824410452517524,"0,0,0,0"
4.8,417,AV,3,249,150,1398,-3.182441045251753,"0,0,0,0"
2.4166666666666665,260,AV,2,174,55,1473,-3.182441045251753,"0,0,0,0"
7.383333333333334,464,AV,2,54,205,118,-3.1824410452517524,"0,0,0,0"
3.4833333333333334,139,AV,2,76,2,1319,-3.182441045251753,"0,0,0,0"
4.3,334,AV,3,96,4,1036,-3.1824410452517524,"0,0,0,0"
7.033333333333333,254,AV,0,172,40,259,-3.182441045251753,"0,0,0,0"
3.566666666666667,14,AV,2,14,11,383,-3.182441045251753,"0,0,0,0"
3.716666666666667,145,AV,2,91,10,1538,-3.182441045251753,"0,0,0,0"
